instance_id,constraint_id,path,ref_type,reference,,
FinlandElementarySchool_XHSTT-v2014,AssignTimes_2,AppliesTo/EventGroups/EventGroup,EventGroup,gr_EventsGeneral,,
FinlandElementarySchool_XHSTT-v2014,NoSplitEventsConstraint,AppliesTo/EventGroups/EventGroup,EventGroup,gr_EventsGeneral,,
FinlandElementarySchool_XHSTT-v2014,PreferredTimes_5,AppliesTo/EventGroups/EventGroup,EventGroup,gr_EventsDuration2,,
FinlandElementarySchool_XHSTT-v2014,EventSpreadingConstraint_6,AppliesTo/EventGroups/EventGroup,EventGroup,gr_C001,,
FinlandElementarySchool_XHSTT-v2014,EventSpreadingConstraint_6,AppliesTo/EventGroups/EventGroup,EventGroup,gr_C002,,
FinlandElementarySchool_XHSTT-v2014,EventSpreadingConstraint_6,AppliesTo/EventGroups/EventGroup,EventGroup,gr_C003,,
FinlandElementarySchool_XHSTT-v2014,EventSpreadingConstraint_6,AppliesTo/EventGroups/EventGroup,EventGroup,gr_C004,,
FinlandElementarySchool_XHSTT-v2014,EventSpreadingConstraint_6,AppliesTo/EventGroups/EventGroup,EventGroup,gr_C005,,
FinlandElementarySchool_XHSTT-v2014,EventSpreadingConstraint_6,AppliesTo/EventGroups/EventGroup,EventGroup,gr_C006,,
FinlandElementarySchool_XHSTT-v2014,EventSpreadingConstraint_6,AppliesTo/EventGroups/EventGroup,EventGroup,gr_C007,,
FinlandElementarySchool_XHSTT-v2014,EventSpreadingConstraint_6,AppliesTo/EventGroups/EventGroup,EventGroup,gr_C008,,
FinlandElementarySchool_XHSTT-v2014,EventSpreadingConstraint_6,AppliesTo/EventGroups/EventGroup,EventGroup,gr_C009,,
FinlandElementarySchool_XHSTT-v2014,EventSpreadingConstraint_6,AppliesTo/EventGroups/EventGroup,EventGroup,gr_C010,,
FinlandElementarySchool_XHSTT-v2014,EventSpreadingConstraint_6,AppliesTo/EventGroups/EventGroup,EventGroup,gr_C011,,
FinlandElementarySchool_XHSTT-v2014,EventSpreadingConstraint_6,AppliesTo/EventGroups/EventGroup,EventGroup,gr_C012,,
FinlandElementarySchool_XHSTT-v2014,EventSpreadingConstraint_6,AppliesTo/EventGroups/EventGroup,EventGroup,gr_C013,,
FinlandElementarySchool_XHSTT-v2014,EventSpreadingConstraint_6,AppliesTo/EventGroups/EventGroup,EventGroup,gr_C014,,
FinlandElementarySchool_XHSTT-v2014,EventSpreadingConstraint_6,AppliesTo/EventGroups/EventGroup,EventGroup,gr_C015,,
FinlandElementarySchool_XHSTT-v2014,EventSpreadingConstraint_6,AppliesTo/EventGroups/EventGroup,EventGroup,gr_C016,,
FinlandElementarySchool_XHSTT-v2014,EventSpreadingConstraint_6,AppliesTo/EventGroups/EventGroup,EventGroup,gr_C017,,
FinlandElementarySchool_XHSTT-v2014,EventSpreadingConstraint_6,AppliesTo/EventGroups/EventGroup,EventGroup,gr_C018,,
FinlandElementarySchool_XHSTT-v2014,EventSpreadingConstraint_6,AppliesTo/EventGroups/EventGroup,EventGroup,gr_C021,,
FinlandElementarySchool_XHSTT-v2014,EventSpreadingConstraint_6,AppliesTo/EventGroups/EventGroup,EventGroup,gr_C022,,
FinlandElementarySchool_XHSTT-v2014,EventSpreadingConstraint_6,AppliesTo/EventGroups/EventGroup,EventGroup,gr_C023,,
FinlandElementarySchool_XHSTT-v2014,EventSpreadingConstraint_6,AppliesTo/EventGroups/EventGroup,EventGroup,gr_C024,,
FinlandElementarySchool_XHSTT-v2014,EventSpreadingConstraint_6,AppliesTo/EventGroups/EventGroup,EventGroup,gr_C025,,
FinlandElementarySchool_XHSTT-v2014,EventSpreadingConstraint_6,AppliesTo/EventGroups/EventGroup,EventGroup,gr_C027,,
FinlandElementarySchool_XHSTT-v2014,EventSpreadingConstraint_6,AppliesTo/EventGroups/EventGroup,EventGroup,gr_C028,,
FinlandElementarySchool_XHSTT-v2014,EventSpreadingConstraint_6,AppliesTo/EventGroups/EventGroup,EventGroup,gr_C029,,
FinlandElementarySchool_XHSTT-v2014,EventSpreadingConstraint_6,AppliesTo/EventGroups/EventGroup,EventGroup,gr_C030,,
FinlandElementarySchool_XHSTT-v2014,EventSpreadingConstraint_6,AppliesTo/EventGroups/EventGroup,EventGroup,gr_C031,,
FinlandElementarySchool_XHSTT-v2014,EventSpreadingConstraint_6,AppliesTo/EventGroups/EventGroup,EventGroup,gr_C032,,
FinlandElementarySchool_XHSTT-v2014,EventSpreadingConstraint_6,AppliesTo/EventGroups/EventGroup,EventGroup,gr_C034,,
FinlandElementarySchool_XHSTT-v2014,EventSpreadingConstraint_6,AppliesTo/EventGroups/EventGroup,EventGroup,gr_C035,,
FinlandElementarySchool_XHSTT-v2014,EventSpreadingConstraint_6,AppliesTo/EventGroups/EventGroup,EventGroup,gr_C036,,
FinlandElementarySchool_XHSTT-v2014,EventSpreadingConstraint_6,AppliesTo/EventGroups/EventGroup,EventGroup,gr_C037,,
FinlandElementarySchool_XHSTT-v2014,EventSpreadingConstraint_6,AppliesTo/EventGroups/EventGroup,EventGroup,gr_C038,,
FinlandElementarySchool_XHSTT-v2014,EventSpreadingConstraint_6,AppliesTo/EventGroups/EventGroup,EventGroup,gr_C040,,
FinlandElementarySchool_XHSTT-v2014,EventSpreadingConstraint_6,AppliesTo/EventGroups/EventGroup,EventGroup,gr_C041,,
FinlandElementarySchool_XHSTT-v2014,EventSpreadingConstraint_6,AppliesTo/EventGroups/EventGroup,EventGroup,gr_C042,,
FinlandElementarySchool_XHSTT-v2014,EventSpreadingConstraint_6,AppliesTo/EventGroups/EventGroup,EventGroup,gr_C043,,
FinlandElementarySchool_XHSTT-v2014,EventSpreadingConstraint_6,AppliesTo/EventGroups/EventGroup,EventGroup,gr_C044,,
FinlandElementarySchool_XHSTT-v2014,EventSpreadingConstraint_6,AppliesTo/EventGroups/EventGroup,EventGroup,gr_C045,,
FinlandElementarySchool_XHSTT-v2014,EventSpreadingConstraint_6,AppliesTo/EventGroups/EventGroup,EventGroup,gr_C046,,
FinlandElementarySchool_XHSTT-v2014,EventSpreadingConstraint_6,AppliesTo/EventGroups/EventGroup,EventGroup,gr_C047,,
FinlandElementarySchool_XHSTT-v2014,EventSpreadingConstraint_6,AppliesTo/EventGroups/EventGroup,EventGroup,gr_C050,,
FinlandElementarySchool_XHSTT-v2014,EventSpreadingConstraint_6,AppliesTo/EventGroups/EventGroup,EventGroup,gr_C051,,
FinlandElementarySchool_XHSTT-v2014,EventSpreadingConstraint_6,AppliesTo/EventGroups/EventGroup,EventGroup,gr_C055,,
FinlandElementarySchool_XHSTT-v2014,EventSpreadingConstraint_6,AppliesTo/EventGroups/EventGroup,EventGroup,gr_C058,,
FinlandElementarySchool_XHSTT-v2014,EventSpreadingConstraint_6,AppliesTo/EventGroups/EventGroup,EventGroup,gr_C059,,
FinlandElementarySchool_XHSTT-v2014,EventSpreadingConstraint_6,AppliesTo/EventGroups/EventGroup,EventGroup,gr_C064,,
FinlandElementarySchool_XHSTT-v2014,EventSpreadingConstraint_6,AppliesTo/EventGroups/EventGroup,EventGroup,gr_C065,,
FinlandElementarySchool_XHSTT-v2014,EventSpreadingConstraint_6,AppliesTo/EventGroups/EventGroup,EventGroup,gr_C066,,
FinlandElementarySchool_XHSTT-v2014,EventSpreadingConstraint_6,AppliesTo/EventGroups/EventGroup,EventGroup,gr_C067,,
FinlandElementarySchool_XHSTT-v2014,EventSpreadingConstraint_6,AppliesTo/EventGroups/EventGroup,EventGroup,gr_C070,,
FinlandElementarySchool_XHSTT-v2014,EventSpreadingConstraint_6,AppliesTo/EventGroups/EventGroup,EventGroup,gr_C071,,
FinlandElementarySchool_XHSTT-v2014,EventSpreadingConstraint_6,AppliesTo/EventGroups/EventGroup,EventGroup,gr_C072,,
FinlandElementarySchool_XHSTT-v2014,EventSpreadingConstraint_6,AppliesTo/EventGroups/EventGroup,EventGroup,gr_C075,,
FinlandElementarySchool_XHSTT-v2014,EventSpreadingConstraint_6,AppliesTo/EventGroups/EventGroup,EventGroup,gr_C077,,
FinlandElementarySchool_XHSTT-v2014,EventSpreadingConstraint_6,AppliesTo/EventGroups/EventGroup,EventGroup,gr_C078,,
FinlandElementarySchool_XHSTT-v2014,EventSpreadingConstraint_6,AppliesTo/EventGroups/EventGroup,EventGroup,gr_C081,,
FinlandElementarySchool_XHSTT-v2014,EventSpreadingConstraint_6,AppliesTo/EventGroups/EventGroup,EventGroup,gr_C082,,
FinlandElementarySchool_XHSTT-v2014,EventSpreadingConstraint_6,AppliesTo/EventGroups/EventGroup,EventGroup,gr_C083,,
FinlandElementarySchool_XHSTT-v2014,EventSpreadingConstraint_6,AppliesTo/EventGroups/EventGroup,EventGroup,gr_C084,,
FinlandElementarySchool_XHSTT-v2014,EventSpreadingConstraint_6,AppliesTo/EventGroups/EventGroup,EventGroup,gr_C087,,
FinlandElementarySchool_XHSTT-v2014,EventSpreadingConstraint_6,AppliesTo/EventGroups/EventGroup,EventGroup,gr_C088,,
FinlandElementarySchool_XHSTT-v2014,EventSpreadingConstraint_6,AppliesTo/EventGroups/EventGroup,EventGroup,gr_C089,,
FinlandElementarySchool_XHSTT-v2014,EventSpreadingConstraint_6,AppliesTo/EventGroups/EventGroup,EventGroup,gr_C090,,
FinlandElementarySchool_XHSTT-v2014,EventSpreadingConstraint_6,AppliesTo/EventGroups/EventGroup,EventGroup,gr_C091,,
FinlandElementarySchool_XHSTT-v2014,EventSpreadingConstraint_6,AppliesTo/EventGroups/EventGroup,EventGroup,gr_C092,,
FinlandElementarySchool_XHSTT-v2014,EventSpreadingConstraint_6,AppliesTo/EventGroups/EventGroup,EventGroup,gr_C093,,
FinlandElementarySchool_XHSTT-v2014,EventSpreadingConstraint_6,AppliesTo/EventGroups/EventGroup,EventGroup,gr_C094,,
FinlandElementarySchool_XHSTT-v2014,EventSpreadingConstraint_6,AppliesTo/EventGroups/EventGroup,EventGroup,gr_C096,,
FinlandElementarySchool_XHSTT-v2014,EventSpreadingConstraint_6,AppliesTo/EventGroups/EventGroup,EventGroup,gr_C097,,
FinlandElementarySchool_XHSTT-v2014,EventSpreadingConstraint_6,AppliesTo/EventGroups/EventGroup,EventGroup,gr_C099,,
FinlandElementarySchool_XHSTT-v2014,EventSpreadingConstraint_6,AppliesTo/EventGroups/EventGroup,EventGroup,gr_C100,,
FinlandElementarySchool_XHSTT-v2014,EventSpreadingConstraint_6,AppliesTo/EventGroups/EventGroup,EventGroup,gr_C101,,
FinlandElementarySchool_XHSTT-v2014,EventSpreadingConstraint_6,AppliesTo/EventGroups/EventGroup,EventGroup,gr_C102,,
FinlandElementarySchool_XHSTT-v2014,EventSpreadingConstraint_6,AppliesTo/EventGroups/EventGroup,EventGroup,gr_C103,,
FinlandElementarySchool_XHSTT-v2014,EventSpreadingConstraint_6,AppliesTo/EventGroups/EventGroup,EventGroup,gr_C106,,
FinlandElementarySchool_XHSTT-v2014,EventSpreadingConstraint_6,AppliesTo/EventGroups/EventGroup,EventGroup,gr_C107,,
FinlandElementarySchool_XHSTT-v2014,EventSpreadingConstraint_6,AppliesTo/EventGroups/EventGroup,EventGroup,gr_C108,,
FinlandElementarySchool_XHSTT-v2014,EventSpreadingConstraint_6,AppliesTo/EventGroups/EventGroup,EventGroup,gr_C109,,
FinlandElementarySchool_XHSTT-v2014,EventSpreadingConstraint_6,AppliesTo/EventGroups/EventGroup,EventGroup,gr_C110,,
FinlandElementarySchool_XHSTT-v2014,EventSpreadingConstraint_6,AppliesTo/EventGroups/EventGroup,EventGroup,gr_C112,,
FinlandElementarySchool_XHSTT-v2014,EventSpreadingConstraint_6,AppliesTo/EventGroups/EventGroup,EventGroup,gr_C113,,
FinlandElementarySchool_XHSTT-v2014,EventSpreadingConstraint_6,AppliesTo/EventGroups/EventGroup,EventGroup,gr_C114,,
FinlandElementarySchool_XHSTT-v2014,EventSpreadingConstraint_6,AppliesTo/EventGroups/EventGroup,EventGroup,gr_C115,,
FinlandElementarySchool_XHSTT-v2014,EventSpreadingConstraint_6,AppliesTo/EventGroups/EventGroup,EventGroup,gr_C116,,
FinlandElementarySchool_XHSTT-v2014,EventSpreadingConstraint_6,AppliesTo/EventGroups/EventGroup,EventGroup,gr_C117,,
FinlandElementarySchool_XHSTT-v2014,EventSpreadingConstraint_6,AppliesTo/EventGroups/EventGroup,EventGroup,gr_C118,,
FinlandElementarySchool_XHSTT-v2014,EventSpreadingConstraint_6,AppliesTo/EventGroups/EventGroup,EventGroup,gr_C120,,
FinlandElementarySchool_XHSTT-v2014,EventSpreadingConstraint_6,AppliesTo/EventGroups/EventGroup,EventGroup,gr_C121,,
FinlandElementarySchool_XHSTT-v2014,EventSpreadingConstraint_6,AppliesTo/EventGroups/EventGroup,EventGroup,gr_C122,,
FinlandElementarySchool_XHSTT-v2014,EventSpreadingConstraint_6,AppliesTo/EventGroups/EventGroup,EventGroup,gr_C123,,
FinlandElementarySchool_XHSTT-v2014,EventSpreadingConstraint_6,AppliesTo/EventGroups/EventGroup,EventGroup,gr_C124,,
FinlandElementarySchool_XHSTT-v2014,EventSpreadingConstraint_6,AppliesTo/EventGroups/EventGroup,EventGroup,gr_C125,,
FinlandElementarySchool_XHSTT-v2014,EventSpreadingConstraint_6,AppliesTo/EventGroups/EventGroup,EventGroup,gr_C126,,
FinlandElementarySchool_XHSTT-v2014,EventSpreadingConstraint_6,AppliesTo/EventGroups/EventGroup,EventGroup,gr_C127,,
FinlandElementarySchool_XHSTT-v2014,EventSpreadingConstraint_6,AppliesTo/EventGroups/EventGroup,EventGroup,gr_C128,,
FinlandElementarySchool_XHSTT-v2014,EventSpreadingConstraint_6,AppliesTo/EventGroups/EventGroup,EventGroup,gr_C129,,
FinlandElementarySchool_XHSTT-v2014,EventSpreadingConstraint_6,AppliesTo/EventGroups/EventGroup,EventGroup,gr_C130,,
FinlandElementarySchool_XHSTT-v2014,EventSpreadingConstraint_6,AppliesTo/EventGroups/EventGroup,EventGroup,gr_C131,,
FinlandElementarySchool_XHSTT-v2014,EventSpreadingConstraint_6,AppliesTo/EventGroups/EventGroup,EventGroup,gr_C132,,
FinlandElementarySchool_XHSTT-v2014,EventSpreadingConstraint_6,AppliesTo/EventGroups/EventGroup,EventGroup,gr_C133,,
FinlandElementarySchool_XHSTT-v2014,EventSpreadingConstraint_6,AppliesTo/EventGroups/EventGroup,EventGroup,gr_C134,,
FinlandElementarySchool_XHSTT-v2014,EventSpreadingConstraint_6,AppliesTo/EventGroups/EventGroup,EventGroup,gr_C135,,
FinlandElementarySchool_XHSTT-v2014,EventSpreadingConstraint_6,AppliesTo/EventGroups/EventGroup,EventGroup,gr_C136,,
FinlandElementarySchool_XHSTT-v2014,EventSpreadingConstraint_6,AppliesTo/EventGroups/EventGroup,EventGroup,gr_C137,,
FinlandElementarySchool_XHSTT-v2014,EventSpreadingConstraint_6,AppliesTo/EventGroups/EventGroup,EventGroup,gr_C138,,
FinlandElementarySchool_XHSTT-v2014,EventSpreadingConstraint_6,AppliesTo/EventGroups/EventGroup,EventGroup,gr_C139,,
FinlandElementarySchool_XHSTT-v2014,EventSpreadingConstraint_6,AppliesTo/EventGroups/EventGroup,EventGroup,gr_C140,,
FinlandElementarySchool_XHSTT-v2014,EventSpreadingConstraint_6,AppliesTo/EventGroups/EventGroup,EventGroup,gr_C141,,
FinlandElementarySchool_XHSTT-v2014,EventSpreadingConstraint_6,AppliesTo/EventGroups/EventGroup,EventGroup,gr_C142,,
FinlandElementarySchool_XHSTT-v2014,EventSpreadingConstraint_6,AppliesTo/EventGroups/EventGroup,EventGroup,gr_C143,,
FinlandElementarySchool_XHSTT-v2014,EventSpreadingConstraint_6,AppliesTo/EventGroups/EventGroup,EventGroup,gr_C144,,
FinlandElementarySchool_XHSTT-v2014,EventSpreadingConstraint_6,AppliesTo/EventGroups/EventGroup,EventGroup,gr_C145,,
FinlandElementarySchool_XHSTT-v2014,EventSpreadingConstraint_6,AppliesTo/EventGroups/EventGroup,EventGroup,gr_C146,,
FinlandElementarySchool_XHSTT-v2014,EventSpreadingConstraint_6,AppliesTo/EventGroups/EventGroup,EventGroup,gr_C147,,
FinlandElementarySchool_XHSTT-v2014,EventSpreadingConstraint_6,AppliesTo/EventGroups/EventGroup,EventGroup,gr_C148,,
FinlandElementarySchool_XHSTT-v2014,EventSpreadingConstraint_6,AppliesTo/EventGroups/EventGroup,EventGroup,gr_C149,,
FinlandElementarySchool_XHSTT-v2014,EventSpreadingConstraint_6,AppliesTo/EventGroups/EventGroup,EventGroup,gr_C150,,
FinlandElementarySchool_XHSTT-v2014,EventSpreadingConstraint_6,AppliesTo/EventGroups/EventGroup,EventGroup,gr_C151,,
FinlandElementarySchool_XHSTT-v2014,EventSpreadingConstraint_6,AppliesTo/EventGroups/EventGroup,EventGroup,gr_C152,,
FinlandElementarySchool_XHSTT-v2014,EventSpreadingConstraint_6,AppliesTo/EventGroups/EventGroup,EventGroup,gr_C153,,
FinlandElementarySchool_XHSTT-v2014,EventSpreadingConstraint_6,AppliesTo/EventGroups/EventGroup,EventGroup,gr_C154,,
FinlandElementarySchool_XHSTT-v2014,EventSpreadingConstraint_6,AppliesTo/EventGroups/EventGroup,EventGroup,gr_C155,,
FinlandElementarySchool_XHSTT-v2014,EventSpreadingConstraint_6,AppliesTo/EventGroups/EventGroup,EventGroup,gr_C156,,
FinlandElementarySchool_XHSTT-v2014,EventSpreadingConstraint_6,AppliesTo/EventGroups/EventGroup,EventGroup,gr_C157,,
FinlandElementarySchool_XHSTT-v2014,EventSpreadingConstraint_6,AppliesTo/EventGroups/EventGroup,EventGroup,gr_C158,,
FinlandElementarySchool_XHSTT-v2014,NoResourceClashes_7,AppliesTo/ResourceGroups/ResourceGroup,ResourceGroup,gr_Teachers,,
FinlandElementarySchool_XHSTT-v2014,NoResourceClashes_7,AppliesTo/ResourceGroups/ResourceGroup,ResourceGroup,gr_Rooms,,
FinlandElementarySchool_XHSTT-v2014,NoResourceClashes_7,AppliesTo/ResourceGroups/ResourceGroup,ResourceGroup,gr_Classes,,
FinlandElementarySchool_XHSTT-v2014,Unavailabilities_AJ,AppliesTo/Resources/Resource,Resource,AJ,,
FinlandElementarySchool_XHSTT-v2014,Unavailabilities_AK,AppliesTo/Resources/Resource,Resource,AK,,
FinlandElementarySchool_XHSTT-v2014,Unavailabilities_EHP,AppliesTo/Resources/Resource,Resource,EHP,,
FinlandElementarySchool_XHSTT-v2014,Unavailabilities_EM,AppliesTo/Resources/Resource,Resource,EM,,
FinlandElementarySchool_XHSTT-v2014,Unavailabilities_ENU,AppliesTo/Resources/Resource,Resource,ENU,,
FinlandElementarySchool_XHSTT-v2014,Unavailabilities_HL,AppliesTo/Resources/Resource,Resource,HL,,
FinlandElementarySchool_XHSTT-v2014,Unavailabilities_HLK,AppliesTo/Resources/Resource,Resource,HLK,,
FinlandElementarySchool_XHSTT-v2014,Unavailabilities_JUL,AppliesTo/Resources/Resource,Resource,JUL,,
FinlandElementarySchool_XHSTT-v2014,Unavailabilities_JV,AppliesTo/Resources/Resource,Resource,JV,,
FinlandElementarySchool_XHSTT-v2014,Unavailabilities_KES,AppliesTo/Resources/Resource,Resource,KES,,
FinlandElementarySchool_XHSTT-v2014,Unavailabilities_KH,AppliesTo/Resources/Resource,Resource,KH,,
FinlandElementarySchool_XHSTT-v2014,Unavailabilities_LL,AppliesTo/Resources/Resource,Resource,LL,,
FinlandElementarySchool_XHSTT-v2014,Unavailabilities_LMK,AppliesTo/Resources/Resource,Resource,LMK,,
FinlandElementarySchool_XHSTT-v2014,Unavailabilities_MM,AppliesTo/Resources/Resource,Resource,MM,,
FinlandElementarySchool_XHSTT-v2014,Unavailabilities_OH,AppliesTo/Resources/Resource,Resource,OH,,
FinlandElementarySchool_XHSTT-v2014,Unavailabilities_TA,AppliesTo/Resources/Resource,Resource,TA,,
FinlandElementarySchool_XHSTT-v2014,Unavailabilities_TJ,AppliesTo/Resources/Resource,Resource,TJ,,
FinlandElementarySchool_XHSTT-v2014,Unavailabilities_TM,AppliesTo/Resources/Resource,Resource,TM,,
FinlandElementarySchool_XHSTT-v2014,Unavailabilities_S1A,AppliesTo/Resources/Resource,Resource,S1A,,
FinlandElementarySchool_XHSTT-v2014,Unavailabilities_S1AA,AppliesTo/Resources/Resource,Resource,S1AA,,
FinlandElementarySchool_XHSTT-v2014,Unavailabilities_S1AB,AppliesTo/Resources/Resource,Resource,S1AA,,
FinlandElementarySchool_XHSTT-v2014,Unavailabilities_S1B,AppliesTo/Resources/Resource,Resource,S1B,,
FinlandElementarySchool_XHSTT-v2014,Unavailabilities_S1BA,AppliesTo/Resources/Resource,Resource,S1BA,,
FinlandElementarySchool_XHSTT-v2014,Unavailabilities_S1BB,AppliesTo/Resources/Resource,Resource,S1BB,,
FinlandElementarySchool_XHSTT-v2014,Unavailabilities_S1C,AppliesTo/Resources/Resource,Resource,S1C,,
FinlandElementarySchool_XHSTT-v2014,Unavailabilities_S2AA,AppliesTo/Resources/Resource,Resource,S2AA,,
FinlandElementarySchool_XHSTT-v2014,Unavailabilities_S2AB,AppliesTo/Resources/Resource,Resource,S2AB,,
FinlandElementarySchool_XHSTT-v2014,Unavailabilities_S2BA,AppliesTo/Resources/Resource,Resource,S2BA,,
FinlandElementarySchool_XHSTT-v2014,Unavailabilities_S2BB,AppliesTo/Resources/Resource,Resource,S2BB,,
FinlandElementarySchool_XHSTT-v2014,Unavailabilities_S2C,AppliesTo/Resources/Resource,Resource,S2C,,
FinlandElementarySchool_XHSTT-v2014,MinMaxADay_Classes_1_mo,AppliesTo/Resources/Resource,Resource,S1A,,
FinlandElementarySchool_XHSTT-v2014,MinMaxADay_Classes_1_mo,AppliesTo/Resources/Resource,Resource,S1B,,
FinlandElementarySchool_XHSTT-v2014,MinMaxADay_Classes_1_mo,AppliesTo/Resources/Resource,Resource,S1C,,
FinlandElementarySchool_XHSTT-v2014,MinMaxADay_Classes_1_mo,AppliesTo/Resources/Resource,Resource,S2A,,
FinlandElementarySchool_XHSTT-v2014,MinMaxADay_Classes_1_mo,AppliesTo/Resources/Resource,Resource,S2B,,
FinlandElementarySchool_XHSTT-v2014,MinMaxADay_Classes_1_mo,AppliesTo/Resources/Resource,Resource,S2C,,
FinlandElementarySchool_XHSTT-v2014,MinMaxADay_Classes_1_mo,AppliesTo/Resources/Resource,Resource,S3A,,
FinlandElementarySchool_XHSTT-v2014,MinMaxADay_Classes_1_mo,AppliesTo/Resources/Resource,Resource,S3B,,
FinlandElementarySchool_XHSTT-v2014,MinMaxADay_Classes_1_mo,AppliesTo/Resources/Resource,Resource,S4A,,
FinlandElementarySchool_XHSTT-v2014,MinMaxADay_Classes_1_mo,AppliesTo/Resources/Resource,Resource,S4B,,
FinlandElementarySchool_XHSTT-v2014,MinMaxADay_Classes_1_mo,AppliesTo/Resources/Resource,Resource,S4C,,
FinlandElementarySchool_XHSTT-v2014,MinMaxADay_Classes_1_tu,AppliesTo/Resources/Resource,Resource,S1A,,S1A
FinlandElementarySchool_XHSTT-v2014,MinMaxADay_Classes_1_tu,AppliesTo/Resources/Resource,Resource,S1B,,S1B
FinlandElementarySchool_XHSTT-v2014,MinMaxADay_Classes_1_tu,AppliesTo/Resources/Resource,Resource,S1C,,S1C
FinlandElementarySchool_XHSTT-v2014,MinMaxADay_Classes_1_tu,AppliesTo/Resources/Resource,Resource,S2A,,S2A
FinlandElementarySchool_XHSTT-v2014,MinMaxADay_Classes_1_tu,AppliesTo/Resources/Resource,Resource,S2B,,S2B
FinlandElementarySchool_XHSTT-v2014,MinMaxADay_Classes_1_tu,AppliesTo/Resources/Resource,Resource,S2C,,S2C
FinlandElementarySchool_XHSTT-v2014,MinMaxADay_Classes_1_tu,AppliesTo/Resources/Resource,Resource,S3A,,S3A
FinlandElementarySchool_XHSTT-v2014,MinMaxADay_Classes_1_tu,AppliesTo/Resources/Resource,Resource,S3B,,S3B
FinlandElementarySchool_XHSTT-v2014,MinMaxADay_Classes_1_tu,AppliesTo/Resources/Resource,Resource,S4A,,S4A
FinlandElementarySchool_XHSTT-v2014,MinMaxADay_Classes_1_tu,AppliesTo/Resources/Resource,Resource,S4B,,S4B
FinlandElementarySchool_XHSTT-v2014,MinMaxADay_Classes_1_tu,AppliesTo/Resources/Resource,Resource,S4C,,S4C
FinlandElementarySchool_XHSTT-v2014,MinMaxADay_Classes_1_we,AppliesTo/Resources/Resource,Resource,S1A,,S1A
FinlandElementarySchool_XHSTT-v2014,MinMaxADay_Classes_1_we,AppliesTo/Resources/Resource,Resource,S1B,,S1B
FinlandElementarySchool_XHSTT-v2014,MinMaxADay_Classes_1_we,AppliesTo/Resources/Resource,Resource,S1C,,S1C
FinlandElementarySchool_XHSTT-v2014,MinMaxADay_Classes_1_we,AppliesTo/Resources/Resource,Resource,S2A,,S2A
FinlandElementarySchool_XHSTT-v2014,MinMaxADay_Classes_1_we,AppliesTo/Resources/Resource,Resource,S2B,,S2B
FinlandElementarySchool_XHSTT-v2014,MinMaxADay_Classes_1_we,AppliesTo/Resources/Resource,Resource,S2C,,S2C
FinlandElementarySchool_XHSTT-v2014,MinMaxADay_Classes_1_we,AppliesTo/Resources/Resource,Resource,S3A,,S3A
FinlandElementarySchool_XHSTT-v2014,MinMaxADay_Classes_1_we,AppliesTo/Resources/Resource,Resource,S3B,,S3B
FinlandElementarySchool_XHSTT-v2014,MinMaxADay_Classes_1_we,AppliesTo/Resources/Resource,Resource,S4A,,S4A
FinlandElementarySchool_XHSTT-v2014,MinMaxADay_Classes_1_we,AppliesTo/Resources/Resource,Resource,S4B,,S4B
FinlandElementarySchool_XHSTT-v2014,MinMaxADay_Classes_1_we,AppliesTo/Resources/Resource,Resource,S4C,,S4C
FinlandElementarySchool_XHSTT-v2014,MinMaxADay_Classes_1_th,AppliesTo/Resources/Resource,Resource,S1A,,S1A
FinlandElementarySchool_XHSTT-v2014,MinMaxADay_Classes_1_th,AppliesTo/Resources/Resource,Resource,S1B,,S1B
FinlandElementarySchool_XHSTT-v2014,MinMaxADay_Classes_1_th,AppliesTo/Resources/Resource,Resource,S1C,,S1C
FinlandElementarySchool_XHSTT-v2014,MinMaxADay_Classes_1_th,AppliesTo/Resources/Resource,Resource,S2A,,S2A
FinlandElementarySchool_XHSTT-v2014,MinMaxADay_Classes_1_th,AppliesTo/Resources/Resource,Resource,S2B,,S2B
FinlandElementarySchool_XHSTT-v2014,MinMaxADay_Classes_1_th,AppliesTo/Resources/Resource,Resource,S2C,,S2C
FinlandElementarySchool_XHSTT-v2014,MinMaxADay_Classes_1_th,AppliesTo/Resources/Resource,Resource,S3A,,S3A
FinlandElementarySchool_XHSTT-v2014,MinMaxADay_Classes_1_th,AppliesTo/Resources/Resource,Resource,S3B,,S3B
FinlandElementarySchool_XHSTT-v2014,MinMaxADay_Classes_1_th,AppliesTo/Resources/Resource,Resource,S4A,,S4A
FinlandElementarySchool_XHSTT-v2014,MinMaxADay_Classes_1_th,AppliesTo/Resources/Resource,Resource,S4B,,S4B
FinlandElementarySchool_XHSTT-v2014,MinMaxADay_Classes_1_th,AppliesTo/Resources/Resource,Resource,S4C,,S4C
FinlandElementarySchool_XHSTT-v2014,MinMaxADay_Classes_1_fr,AppliesTo/Resources/Resource,Resource,S1A,,S1A
FinlandElementarySchool_XHSTT-v2014,MinMaxADay_Classes_1_fr,AppliesTo/Resources/Resource,Resource,S1B,,S1B
FinlandElementarySchool_XHSTT-v2014,MinMaxADay_Classes_1_fr,AppliesTo/Resources/Resource,Resource,S1C,,S1C
FinlandElementarySchool_XHSTT-v2014,MinMaxADay_Classes_1_fr,AppliesTo/Resources/Resource,Resource,S2A,,S2A
FinlandElementarySchool_XHSTT-v2014,MinMaxADay_Classes_1_fr,AppliesTo/Resources/Resource,Resource,S2B,,S2B
FinlandElementarySchool_XHSTT-v2014,MinMaxADay_Classes_1_fr,AppliesTo/Resources/Resource,Resource,S2C,,S2C
FinlandElementarySchool_XHSTT-v2014,MinMaxADay_Classes_1_fr,AppliesTo/Resources/Resource,Resource,S3A,,S3A
FinlandElementarySchool_XHSTT-v2014,MinMaxADay_Classes_1_fr,AppliesTo/Resources/Resource,Resource,S3B,,S3B
FinlandElementarySchool_XHSTT-v2014,MinMaxADay_Classes_1_fr,AppliesTo/Resources/Resource,Resource,S4A,,S4A
FinlandElementarySchool_XHSTT-v2014,MinMaxADay_Classes_1_fr,AppliesTo/Resources/Resource,Resource,S4B,,S4B
FinlandElementarySchool_XHSTT-v2014,MinMaxADay_Classes_1_fr,AppliesTo/Resources/Resource,Resource,S4C,,S4C
FinlandElementarySchool_XHSTT-v2014,MinMaxADay_Classes_2_mo,AppliesTo/Resources/Resource,Resource,S1AA,,
FinlandElementarySchool_XHSTT-v2014,MinMaxADay_Classes_2_mo,AppliesTo/Resources/Resource,Resource,S1AB,,
FinlandElementarySchool_XHSTT-v2014,MinMaxADay_Classes_2_mo,AppliesTo/Resources/Resource,Resource,S1BA,,
FinlandElementarySchool_XHSTT-v2014,MinMaxADay_Classes_2_mo,AppliesTo/Resources/Resource,Resource,S1BB,,
FinlandElementarySchool_XHSTT-v2014,MinMaxADay_Classes_2_mo,AppliesTo/Resources/Resource,Resource,S1CA,,
FinlandElementarySchool_XHSTT-v2014,MinMaxADay_Classes_2_mo,AppliesTo/Resources/Resource,Resource,S1CB,,
FinlandElementarySchool_XHSTT-v2014,MinMaxADay_Classes_2_mo,AppliesTo/Resources/Resource,Resource,S2AA,,
FinlandElementarySchool_XHSTT-v2014,MinMaxADay_Classes_2_mo,AppliesTo/Resources/Resource,Resource,S2AB,,
FinlandElementarySchool_XHSTT-v2014,MinMaxADay_Classes_2_tu,AppliesTo/Resources/Resource,Resource,S1AA,,
FinlandElementarySchool_XHSTT-v2014,MinMaxADay_Classes_2_tu,AppliesTo/Resources/Resource,Resource,S1AB,,
FinlandElementarySchool_XHSTT-v2014,MinMaxADay_Classes_2_tu,AppliesTo/Resources/Resource,Resource,S1BA,,
FinlandElementarySchool_XHSTT-v2014,MinMaxADay_Classes_2_tu,AppliesTo/Resources/Resource,Resource,S1BB,,
FinlandElementarySchool_XHSTT-v2014,MinMaxADay_Classes_2_tu,AppliesTo/Resources/Resource,Resource,S1CA,,
FinlandElementarySchool_XHSTT-v2014,MinMaxADay_Classes_2_tu,AppliesTo/Resources/Resource,Resource,S1CB,,
FinlandElementarySchool_XHSTT-v2014,MinMaxADay_Classes_2_tu,AppliesTo/Resources/Resource,Resource,S2AA,,
FinlandElementarySchool_XHSTT-v2014,MinMaxADay_Classes_2_tu,AppliesTo/Resources/Resource,Resource,S2AB,,
FinlandElementarySchool_XHSTT-v2014,MinMaxADay_Classes_2_we,AppliesTo/Resources/Resource,Resource,S1AA,,
FinlandElementarySchool_XHSTT-v2014,MinMaxADay_Classes_2_we,AppliesTo/Resources/Resource,Resource,S1AB,,
FinlandElementarySchool_XHSTT-v2014,MinMaxADay_Classes_2_we,AppliesTo/Resources/Resource,Resource,S1BA,,
FinlandElementarySchool_XHSTT-v2014,MinMaxADay_Classes_2_we,AppliesTo/Resources/Resource,Resource,S1BB,,
FinlandElementarySchool_XHSTT-v2014,MinMaxADay_Classes_2_we,AppliesTo/Resources/Resource,Resource,S1CA,,
FinlandElementarySchool_XHSTT-v2014,MinMaxADay_Classes_2_we,AppliesTo/Resources/Resource,Resource,S1CB,,
FinlandElementarySchool_XHSTT-v2014,MinMaxADay_Classes_2_we,AppliesTo/Resources/Resource,Resource,S2AA,,
FinlandElementarySchool_XHSTT-v2014,MinMaxADay_Classes_2_we,AppliesTo/Resources/Resource,Resource,S2AB,,
FinlandElementarySchool_XHSTT-v2014,MinMaxADay_Classes_2_th,AppliesTo/Resources/Resource,Resource,S1AA,,
FinlandElementarySchool_XHSTT-v2014,MinMaxADay_Classes_2_th,AppliesTo/Resources/Resource,Resource,S1AB,,
FinlandElementarySchool_XHSTT-v2014,MinMaxADay_Classes_2_th,AppliesTo/Resources/Resource,Resource,S1BA,,
FinlandElementarySchool_XHSTT-v2014,MinMaxADay_Classes_2_th,AppliesTo/Resources/Resource,Resource,S1BB,,
FinlandElementarySchool_XHSTT-v2014,MinMaxADay_Classes_2_th,AppliesTo/Resources/Resource,Resource,S1CA,,
FinlandElementarySchool_XHSTT-v2014,MinMaxADay_Classes_2_th,AppliesTo/Resources/Resource,Resource,S1CB,,
FinlandElementarySchool_XHSTT-v2014,MinMaxADay_Classes_2_th,AppliesTo/Resources/Resource,Resource,S2AA,,
FinlandElementarySchool_XHSTT-v2014,MinMaxADay_Classes_2_th,AppliesTo/Resources/Resource,Resource,S2AB,,
FinlandElementarySchool_XHSTT-v2014,MinMaxADay_Classes_2_fr,AppliesTo/Resources/Resource,Resource,S1AA,,
FinlandElementarySchool_XHSTT-v2014,MinMaxADay_Classes_2_fr,AppliesTo/Resources/Resource,Resource,S1AB,,
FinlandElementarySchool_XHSTT-v2014,MinMaxADay_Classes_2_fr,AppliesTo/Resources/Resource,Resource,S1BA,,
FinlandElementarySchool_XHSTT-v2014,MinMaxADay_Classes_2_fr,AppliesTo/Resources/Resource,Resource,S1BB,,
FinlandElementarySchool_XHSTT-v2014,MinMaxADay_Classes_2_fr,AppliesTo/Resources/Resource,Resource,S1CA,,
FinlandElementarySchool_XHSTT-v2014,MinMaxADay_Classes_2_fr,AppliesTo/Resources/Resource,Resource,S1CB,,
FinlandElementarySchool_XHSTT-v2014,MinMaxADay_Classes_2_fr,AppliesTo/Resources/Resource,Resource,S2AA,,
FinlandElementarySchool_XHSTT-v2014,MinMaxADay_Classes_2_fr,AppliesTo/Resources/Resource,Resource,S2AB,,
FinlandElementarySchool_XHSTT-v2014,MinMaxADay_Classes_3_mo,AppliesTo/Resources/Resource,Resource,S3AA,,
FinlandElementarySchool_XHSTT-v2014,MinMaxADay_Classes_3_mo,AppliesTo/Resources/Resource,Resource,S3AB,,
FinlandElementarySchool_XHSTT-v2014,MinMaxADay_Classes_3_mo,AppliesTo/Resources/Resource,Resource,S3BA,,
FinlandElementarySchool_XHSTT-v2014,MinMaxADay_Classes_3_mo,AppliesTo/Resources/Resource,Resource,S3BB,,
FinlandElementarySchool_XHSTT-v2014,MinMaxADay_Classes_3_mo,AppliesTo/Resources/Resource,Resource,S4AA,,
FinlandElementarySchool_XHSTT-v2014,MinMaxADay_Classes_3_mo,AppliesTo/Resources/Resource,Resource,S4AB,,
FinlandElementarySchool_XHSTT-v2014,MinMaxADay_Classes_3_mo,AppliesTo/Resources/Resource,Resource,S4BA,,
FinlandElementarySchool_XHSTT-v2014,MinMaxADay_Classes_3_mo,AppliesTo/Resources/Resource,Resource,S4BB,,
FinlandElementarySchool_XHSTT-v2014,MinMaxADay_Classes_3_mo,AppliesTo/Resources/Resource,Resource,S4CA,,
FinlandElementarySchool_XHSTT-v2014,MinMaxADay_Classes_3_mo,AppliesTo/Resources/Resource,Resource,S4CB,,
FinlandElementarySchool_XHSTT-v2014,MinMaxADay_Classes_3_tu,AppliesTo/Resources/Resource,Resource,S3AA,,
FinlandElementarySchool_XHSTT-v2014,MinMaxADay_Classes_3_tu,AppliesTo/Resources/Resource,Resource,S3AB,,
FinlandElementarySchool_XHSTT-v2014,MinMaxADay_Classes_3_tu,AppliesTo/Resources/Resource,Resource,S3BA,,
FinlandElementarySchool_XHSTT-v2014,MinMaxADay_Classes_3_tu,AppliesTo/Resources/Resource,Resource,S3BB,,
FinlandElementarySchool_XHSTT-v2014,MinMaxADay_Classes_3_tu,AppliesTo/Resources/Resource,Resource,S4AA,,
FinlandElementarySchool_XHSTT-v2014,MinMaxADay_Classes_3_tu,AppliesTo/Resources/Resource,Resource,S4AB,,
FinlandElementarySchool_XHSTT-v2014,MinMaxADay_Classes_3_tu,AppliesTo/Resources/Resource,Resource,S4BA,,
FinlandElementarySchool_XHSTT-v2014,MinMaxADay_Classes_3_tu,AppliesTo/Resources/Resource,Resource,S4BB,,
FinlandElementarySchool_XHSTT-v2014,MinMaxADay_Classes_3_tu,AppliesTo/Resources/Resource,Resource,S4CA,,
FinlandElementarySchool_XHSTT-v2014,MinMaxADay_Classes_3_tu,AppliesTo/Resources/Resource,Resource,S4CB,,
FinlandElementarySchool_XHSTT-v2014,MinMaxADay_Classes_3_we,AppliesTo/Resources/Resource,Resource,S3AA,,
FinlandElementarySchool_XHSTT-v2014,MinMaxADay_Classes_3_we,AppliesTo/Resources/Resource,Resource,S3AB,,
FinlandElementarySchool_XHSTT-v2014,MinMaxADay_Classes_3_we,AppliesTo/Resources/Resource,Resource,S3BA,,
FinlandElementarySchool_XHSTT-v2014,MinMaxADay_Classes_3_we,AppliesTo/Resources/Resource,Resource,S3BB,,
FinlandElementarySchool_XHSTT-v2014,MinMaxADay_Classes_3_we,AppliesTo/Resources/Resource,Resource,S4AA,,
FinlandElementarySchool_XHSTT-v2014,MinMaxADay_Classes_3_we,AppliesTo/Resources/Resource,Resource,S4AB,,
FinlandElementarySchool_XHSTT-v2014,MinMaxADay_Classes_3_we,AppliesTo/Resources/Resource,Resource,S4BA,,
FinlandElementarySchool_XHSTT-v2014,MinMaxADay_Classes_3_we,AppliesTo/Resources/Resource,Resource,S4BB,,
FinlandElementarySchool_XHSTT-v2014,MinMaxADay_Classes_3_we,AppliesTo/Resources/Resource,Resource,S4CA,,
FinlandElementarySchool_XHSTT-v2014,MinMaxADay_Classes_3_we,AppliesTo/Resources/Resource,Resource,S4CB,,
FinlandElementarySchool_XHSTT-v2014,MinMaxADay_Classes_3_th,AppliesTo/Resources/Resource,Resource,S3AA,,
FinlandElementarySchool_XHSTT-v2014,MinMaxADay_Classes_3_th,AppliesTo/Resources/Resource,Resource,S3AB,,
FinlandElementarySchool_XHSTT-v2014,MinMaxADay_Classes_3_th,AppliesTo/Resources/Resource,Resource,S3BA,,
FinlandElementarySchool_XHSTT-v2014,MinMaxADay_Classes_3_th,AppliesTo/Resources/Resource,Resource,S3BB,,
FinlandElementarySchool_XHSTT-v2014,MinMaxADay_Classes_3_th,AppliesTo/Resources/Resource,Resource,S4AA,,
FinlandElementarySchool_XHSTT-v2014,MinMaxADay_Classes_3_th,AppliesTo/Resources/Resource,Resource,S4AB,,
FinlandElementarySchool_XHSTT-v2014,MinMaxADay_Classes_3_th,AppliesTo/Resources/Resource,Resource,S4BA,,
FinlandElementarySchool_XHSTT-v2014,MinMaxADay_Classes_3_th,AppliesTo/Resources/Resource,Resource,S4BB,,
FinlandElementarySchool_XHSTT-v2014,MinMaxADay_Classes_3_th,AppliesTo/Resources/Resource,Resource,S4CA,,
FinlandElementarySchool_XHSTT-v2014,MinMaxADay_Classes_3_th,AppliesTo/Resources/Resource,Resource,S4CB,,
FinlandElementarySchool_XHSTT-v2014,MinMaxADay_Classes_3_fr,AppliesTo/Resources/Resource,Resource,S3AA,,
FinlandElementarySchool_XHSTT-v2014,MinMaxADay_Classes_3_fr,AppliesTo/Resources/Resource,Resource,S3AB,,
FinlandElementarySchool_XHSTT-v2014,MinMaxADay_Classes_3_fr,AppliesTo/Resources/Resource,Resource,S3BA,,
FinlandElementarySchool_XHSTT-v2014,MinMaxADay_Classes_3_fr,AppliesTo/Resources/Resource,Resource,S3BB,,
FinlandElementarySchool_XHSTT-v2014,MinMaxADay_Classes_3_fr,AppliesTo/Resources/Resource,Resource,S4AA,,
FinlandElementarySchool_XHSTT-v2014,MinMaxADay_Classes_3_fr,AppliesTo/Resources/Resource,Resource,S4AB,,
FinlandElementarySchool_XHSTT-v2014,MinMaxADay_Classes_3_fr,AppliesTo/Resources/Resource,Resource,S4BA,,
FinlandElementarySchool_XHSTT-v2014,MinMaxADay_Classes_3_fr,AppliesTo/Resources/Resource,Resource,S4BB,,
FinlandElementarySchool_XHSTT-v2014,MinMaxADay_Classes_3_fr,AppliesTo/Resources/Resource,Resource,S4CA,,
FinlandElementarySchool_XHSTT-v2014,MinMaxADay_Classes_3_fr,AppliesTo/Resources/Resource,Resource,S4CB,,
FinlandElementarySchool_XHSTT-v2014,MinMaxADay_Classes_4_mo,AppliesTo/Resources/Resource,Resource,S3P,,
FinlandElementarySchool_XHSTT-v2014,MinMaxADay_Classes_4_mo,AppliesTo/Resources/Resource,Resource,S3T,,
FinlandElementarySchool_XHSTT-v2014,MinMaxADay_Classes_4_mo,AppliesTo/Resources/Resource,Resource,S4P,,
FinlandElementarySchool_XHSTT-v2014,MinMaxADay_Classes_4_mo,AppliesTo/Resources/Resource,Resource,S4T,,
FinlandElementarySchool_XHSTT-v2014,MinMaxADay_Classes_4_mo,AppliesTo/Resources/Resource,Resource,S5AA,,
FinlandElementarySchool_XHSTT-v2014,MinMaxADay_Classes_4_mo,AppliesTo/Resources/Resource,Resource,S5AB,,
FinlandElementarySchool_XHSTT-v2014,MinMaxADay_Classes_4_mo,AppliesTo/Resources/Resource,Resource,S5BA,,
FinlandElementarySchool_XHSTT-v2014,MinMaxADay_Classes_4_mo,AppliesTo/Resources/Resource,Resource,S5BB,,
FinlandElementarySchool_XHSTT-v2014,MinMaxADay_Classes_4_mo,AppliesTo/Resources/Resource,Resource,S5CA,,
FinlandElementarySchool_XHSTT-v2014,MinMaxADay_Classes_4_mo,AppliesTo/Resources/Resource,Resource,S5CB,,
FinlandElementarySchool_XHSTT-v2014,MinMaxADay_Classes_4_mo,AppliesTo/Resources/Resource,Resource,S5P,,
FinlandElementarySchool_XHSTT-v2014,MinMaxADay_Classes_4_mo,AppliesTo/Resources/Resource,Resource,S5T,,
FinlandElementarySchool_XHSTT-v2014,MinMaxADay_Classes_4_mo,AppliesTo/Resources/Resource,Resource,S6AA,,
FinlandElementarySchool_XHSTT-v2014,MinMaxADay_Classes_4_mo,AppliesTo/Resources/Resource,Resource,S6AB,,
FinlandElementarySchool_XHSTT-v2014,MinMaxADay_Classes_4_mo,AppliesTo/Resources/Resource,Resource,S6BA,,
FinlandElementarySchool_XHSTT-v2014,MinMaxADay_Classes_4_mo,AppliesTo/Resources/Resource,Resource,S6BB,,
FinlandElementarySchool_XHSTT-v2014,MinMaxADay_Classes_4_mo,AppliesTo/Resources/Resource,Resource,S6CA,,
FinlandElementarySchool_XHSTT-v2014,MinMaxADay_Classes_4_mo,AppliesTo/Resources/Resource,Resource,S6CB,,
FinlandElementarySchool_XHSTT-v2014,MinMaxADay_Classes_4_mo,AppliesTo/Resources/Resource,Resource,S6EL,,
FinlandElementarySchool_XHSTT-v2014,MinMaxADay_Classes_4_mo,AppliesTo/Resources/Resource,Resource,S6ETS,,
FinlandElementarySchool_XHSTT-v2014,MinMaxADay_Classes_4_mo,AppliesTo/Resources/Resource,Resource,S6P,,
FinlandElementarySchool_XHSTT-v2014,MinMaxADay_Classes_4_mo,AppliesTo/Resources/Resource,Resource,S6T,,
FinlandElementarySchool_XHSTT-v2014,MinMaxADay_Classes_4_tu,AppliesTo/Resources/Resource,Resource,S3P,,
FinlandElementarySchool_XHSTT-v2014,MinMaxADay_Classes_4_tu,AppliesTo/Resources/Resource,Resource,S3T,,
FinlandElementarySchool_XHSTT-v2014,MinMaxADay_Classes_4_tu,AppliesTo/Resources/Resource,Resource,S4P,,
FinlandElementarySchool_XHSTT-v2014,MinMaxADay_Classes_4_tu,AppliesTo/Resources/Resource,Resource,S4T,,
FinlandElementarySchool_XHSTT-v2014,MinMaxADay_Classes_4_tu,AppliesTo/Resources/Resource,Resource,S5AA,,
FinlandElementarySchool_XHSTT-v2014,MinMaxADay_Classes_4_tu,AppliesTo/Resources/Resource,Resource,S5AB,,
FinlandElementarySchool_XHSTT-v2014,MinMaxADay_Classes_4_tu,AppliesTo/Resources/Resource,Resource,S5BA,,
FinlandElementarySchool_XHSTT-v2014,MinMaxADay_Classes_4_tu,AppliesTo/Resources/Resource,Resource,S5BB,,
FinlandElementarySchool_XHSTT-v2014,MinMaxADay_Classes_4_tu,AppliesTo/Resources/Resource,Resource,S5CA,,
FinlandElementarySchool_XHSTT-v2014,MinMaxADay_Classes_4_tu,AppliesTo/Resources/Resource,Resource,S5CB,,
FinlandElementarySchool_XHSTT-v2014,MinMaxADay_Classes_4_tu,AppliesTo/Resources/Resource,Resource,S5P,,
FinlandElementarySchool_XHSTT-v2014,MinMaxADay_Classes_4_tu,AppliesTo/Resources/Resource,Resource,S5T,,
FinlandElementarySchool_XHSTT-v2014,MinMaxADay_Classes_4_tu,AppliesTo/Resources/Resource,Resource,S6AA,,
FinlandElementarySchool_XHSTT-v2014,MinMaxADay_Classes_4_tu,AppliesTo/Resources/Resource,Resource,S6AB,,
FinlandElementarySchool_XHSTT-v2014,MinMaxADay_Classes_4_tu,AppliesTo/Resources/Resource,Resource,S6BA,,
FinlandElementarySchool_XHSTT-v2014,MinMaxADay_Classes_4_tu,AppliesTo/Resources/Resource,Resource,S6BB,,
FinlandElementarySchool_XHSTT-v2014,MinMaxADay_Classes_4_tu,AppliesTo/Resources/Resource,Resource,S6CA,,
FinlandElementarySchool_XHSTT-v2014,MinMaxADay_Classes_4_tu,AppliesTo/Resources/Resource,Resource,S6CB,,
FinlandElementarySchool_XHSTT-v2014,MinMaxADay_Classes_4_tu,AppliesTo/Resources/Resource,Resource,S6EL,,
FinlandElementarySchool_XHSTT-v2014,MinMaxADay_Classes_4_tu,AppliesTo/Resources/Resource,Resource,S6ETS,,
FinlandElementarySchool_XHSTT-v2014,MinMaxADay_Classes_4_tu,AppliesTo/Resources/Resource,Resource,S6P,,
FinlandElementarySchool_XHSTT-v2014,MinMaxADay_Classes_4_tu,AppliesTo/Resources/Resource,Resource,S6T,,
FinlandElementarySchool_XHSTT-v2014,MinMaxADay_Classes_4_we,AppliesTo/Resources/Resource,Resource,S3P,,
FinlandElementarySchool_XHSTT-v2014,MinMaxADay_Classes_4_we,AppliesTo/Resources/Resource,Resource,S3T,,
FinlandElementarySchool_XHSTT-v2014,MinMaxADay_Classes_4_we,AppliesTo/Resources/Resource,Resource,S4P,,
FinlandElementarySchool_XHSTT-v2014,MinMaxADay_Classes_4_we,AppliesTo/Resources/Resource,Resource,S4T,,
FinlandElementarySchool_XHSTT-v2014,MinMaxADay_Classes_4_we,AppliesTo/Resources/Resource,Resource,S5AA,,
FinlandElementarySchool_XHSTT-v2014,MinMaxADay_Classes_4_we,AppliesTo/Resources/Resource,Resource,S5AB,,
FinlandElementarySchool_XHSTT-v2014,MinMaxADay_Classes_4_we,AppliesTo/Resources/Resource,Resource,S5BA,,
FinlandElementarySchool_XHSTT-v2014,MinMaxADay_Classes_4_we,AppliesTo/Resources/Resource,Resource,S5BB,,
FinlandElementarySchool_XHSTT-v2014,MinMaxADay_Classes_4_we,AppliesTo/Resources/Resource,Resource,S5CA,,
FinlandElementarySchool_XHSTT-v2014,MinMaxADay_Classes_4_we,AppliesTo/Resources/Resource,Resource,S5CB,,
FinlandElementarySchool_XHSTT-v2014,MinMaxADay_Classes_4_we,AppliesTo/Resources/Resource,Resource,S5P,,
FinlandElementarySchool_XHSTT-v2014,MinMaxADay_Classes_4_we,AppliesTo/Resources/Resource,Resource,S5T,,
FinlandElementarySchool_XHSTT-v2014,MinMaxADay_Classes_4_we,AppliesTo/Resources/Resource,Resource,S6AA,,
FinlandElementarySchool_XHSTT-v2014,MinMaxADay_Classes_4_we,AppliesTo/Resources/Resource,Resource,S6AB,,
FinlandElementarySchool_XHSTT-v2014,MinMaxADay_Classes_4_we,AppliesTo/Resources/Resource,Resource,S6BA,,
FinlandElementarySchool_XHSTT-v2014,MinMaxADay_Classes_4_we,AppliesTo/Resources/Resource,Resource,S6BB,,
FinlandElementarySchool_XHSTT-v2014,MinMaxADay_Classes_4_we,AppliesTo/Resources/Resource,Resource,S6CA,,
FinlandElementarySchool_XHSTT-v2014,MinMaxADay_Classes_4_we,AppliesTo/Resources/Resource,Resource,S6CB,,
FinlandElementarySchool_XHSTT-v2014,MinMaxADay_Classes_4_we,AppliesTo/Resources/Resource,Resource,S6EL,,
FinlandElementarySchool_XHSTT-v2014,MinMaxADay_Classes_4_we,AppliesTo/Resources/Resource,Resource,S6ETS,,
FinlandElementarySchool_XHSTT-v2014,MinMaxADay_Classes_4_we,AppliesTo/Resources/Resource,Resource,S6P,,
FinlandElementarySchool_XHSTT-v2014,MinMaxADay_Classes_4_we,AppliesTo/Resources/Resource,Resource,S6T,,
FinlandElementarySchool_XHSTT-v2014,MinMaxADay_Classes_4_th,AppliesTo/Resources/Resource,Resource,S3P,,
FinlandElementarySchool_XHSTT-v2014,MinMaxADay_Classes_4_th,AppliesTo/Resources/Resource,Resource,S3T,,
FinlandElementarySchool_XHSTT-v2014,MinMaxADay_Classes_4_th,AppliesTo/Resources/Resource,Resource,S4P,,
FinlandElementarySchool_XHSTT-v2014,MinMaxADay_Classes_4_th,AppliesTo/Resources/Resource,Resource,S4T,,
FinlandElementarySchool_XHSTT-v2014,MinMaxADay_Classes_4_th,AppliesTo/Resources/Resource,Resource,S5AA,,
FinlandElementarySchool_XHSTT-v2014,MinMaxADay_Classes_4_th,AppliesTo/Resources/Resource,Resource,S5AB,,
FinlandElementarySchool_XHSTT-v2014,MinMaxADay_Classes_4_th,AppliesTo/Resources/Resource,Resource,S5BA,,
FinlandElementarySchool_XHSTT-v2014,MinMaxADay_Classes_4_th,AppliesTo/Resources/Resource,Resource,S5BB,,
FinlandElementarySchool_XHSTT-v2014,MinMaxADay_Classes_4_th,AppliesTo/Resources/Resource,Resource,S5CA,,
FinlandElementarySchool_XHSTT-v2014,MinMaxADay_Classes_4_th,AppliesTo/Resources/Resource,Resource,S5CB,,
FinlandElementarySchool_XHSTT-v2014,MinMaxADay_Classes_4_th,AppliesTo/Resources/Resource,Resource,S5P,,
FinlandElementarySchool_XHSTT-v2014,MinMaxADay_Classes_4_th,AppliesTo/Resources/Resource,Resource,S5T,,
FinlandElementarySchool_XHSTT-v2014,MinMaxADay_Classes_4_th,AppliesTo/Resources/Resource,Resource,S6AA,,
FinlandElementarySchool_XHSTT-v2014,MinMaxADay_Classes_4_th,AppliesTo/Resources/Resource,Resource,S6AB,,
FinlandElementarySchool_XHSTT-v2014,MinMaxADay_Classes_4_th,AppliesTo/Resources/Resource,Resource,S6BA,,
FinlandElementarySchool_XHSTT-v2014,MinMaxADay_Classes_4_th,AppliesTo/Resources/Resource,Resource,S6BB,,
FinlandElementarySchool_XHSTT-v2014,MinMaxADay_Classes_4_th,AppliesTo/Resources/Resource,Resource,S6CA,,
FinlandElementarySchool_XHSTT-v2014,MinMaxADay_Classes_4_th,AppliesTo/Resources/Resource,Resource,S6CB,,
FinlandElementarySchool_XHSTT-v2014,MinMaxADay_Classes_4_th,AppliesTo/Resources/Resource,Resource,S6EL,,
FinlandElementarySchool_XHSTT-v2014,MinMaxADay_Classes_4_th,AppliesTo/Resources/Resource,Resource,S6ETS,,
FinlandElementarySchool_XHSTT-v2014,MinMaxADay_Classes_4_th,AppliesTo/Resources/Resource,Resource,S6P,,
FinlandElementarySchool_XHSTT-v2014,MinMaxADay_Classes_4_th,AppliesTo/Resources/Resource,Resource,S6T,,
FinlandElementarySchool_XHSTT-v2014,MinMaxADay_Classes_4_fr,AppliesTo/Resources/Resource,Resource,S3P,,
FinlandElementarySchool_XHSTT-v2014,MinMaxADay_Classes_4_fr,AppliesTo/Resources/Resource,Resource,S3T,,
FinlandElementarySchool_XHSTT-v2014,MinMaxADay_Classes_4_fr,AppliesTo/Resources/Resource,Resource,S4P,,
FinlandElementarySchool_XHSTT-v2014,MinMaxADay_Classes_4_fr,AppliesTo/Resources/Resource,Resource,S4T,,
FinlandElementarySchool_XHSTT-v2014,MinMaxADay_Classes_4_fr,AppliesTo/Resources/Resource,Resource,S5AA,,
FinlandElementarySchool_XHSTT-v2014,MinMaxADay_Classes_4_fr,AppliesTo/Resources/Resource,Resource,S5AB,,
FinlandElementarySchool_XHSTT-v2014,MinMaxADay_Classes_4_fr,AppliesTo/Resources/Resource,Resource,S5BA,,
FinlandElementarySchool_XHSTT-v2014,MinMaxADay_Classes_4_fr,AppliesTo/Resources/Resource,Resource,S5BB,,
FinlandElementarySchool_XHSTT-v2014,MinMaxADay_Classes_4_fr,AppliesTo/Resources/Resource,Resource,S5CA,,
FinlandElementarySchool_XHSTT-v2014,MinMaxADay_Classes_4_fr,AppliesTo/Resources/Resource,Resource,S5CB,,
FinlandElementarySchool_XHSTT-v2014,MinMaxADay_Classes_4_fr,AppliesTo/Resources/Resource,Resource,S5P,,
FinlandElementarySchool_XHSTT-v2014,MinMaxADay_Classes_4_fr,AppliesTo/Resources/Resource,Resource,S5T,,
FinlandElementarySchool_XHSTT-v2014,MinMaxADay_Classes_4_fr,AppliesTo/Resources/Resource,Resource,S6AA,,
FinlandElementarySchool_XHSTT-v2014,MinMaxADay_Classes_4_fr,AppliesTo/Resources/Resource,Resource,S6AB,,
FinlandElementarySchool_XHSTT-v2014,MinMaxADay_Classes_4_fr,AppliesTo/Resources/Resource,Resource,S6BA,,
FinlandElementarySchool_XHSTT-v2014,MinMaxADay_Classes_4_fr,AppliesTo/Resources/Resource,Resource,S6BB,,
FinlandElementarySchool_XHSTT-v2014,MinMaxADay_Classes_4_fr,AppliesTo/Resources/Resource,Resource,S6CA,,
FinlandElementarySchool_XHSTT-v2014,MinMaxADay_Classes_4_fr,AppliesTo/Resources/Resource,Resource,S6CB,,
FinlandElementarySchool_XHSTT-v2014,MinMaxADay_Classes_4_fr,AppliesTo/Resources/Resource,Resource,S6EL,,
FinlandElementarySchool_XHSTT-v2014,MinMaxADay_Classes_4_fr,AppliesTo/Resources/Resource,Resource,S6ETS,,
FinlandElementarySchool_XHSTT-v2014,MinMaxADay_Classes_4_fr,AppliesTo/Resources/Resource,Resource,S6P,,
FinlandElementarySchool_XHSTT-v2014,MinMaxADay_Classes_4_fr,AppliesTo/Resources/Resource,Resource,S6T,,
FinlandElementarySchool_XHSTT-v2014,MinMaxADay_Classes_5_mo,AppliesTo/Resources/Resource,Resource,S5,,
FinlandElementarySchool_XHSTT-v2014,MinMaxADay_Classes_5_mo,AppliesTo/Resources/Resource,Resource,S5A,,
FinlandElementarySchool_XHSTT-v2014,MinMaxADay_Classes_5_mo,AppliesTo/Resources/Resource,Resource,S5B,,
FinlandElementarySchool_XHSTT-v2014,MinMaxADay_Classes_5_mo,AppliesTo/Resources/Resource,Resource,S5C,,
FinlandElementarySchool_XHSTT-v2014,MinMaxADay_Classes_5_mo,AppliesTo/Resources/Resource,Resource,S6A,,
FinlandElementarySchool_XHSTT-v2014,MinMaxADay_Classes_5_mo,AppliesTo/Resources/Resource,Resource,S6B,,
FinlandElementarySchool_XHSTT-v2014,MinMaxADay_Classes_5_mo,AppliesTo/Resources/Resource,Resource,S6C,,
FinlandElementarySchool_XHSTT-v2014,MinMaxADay_Classes_5_tu,AppliesTo/Resources/Resource,Resource,S5,,
FinlandElementarySchool_XHSTT-v2014,MinMaxADay_Classes_5_tu,AppliesTo/Resources/Resource,Resource,S5A,,
FinlandElementarySchool_XHSTT-v2014,MinMaxADay_Classes_5_tu,AppliesTo/Resources/Resource,Resource,S5B,,
FinlandElementarySchool_XHSTT-v2014,MinMaxADay_Classes_5_tu,AppliesTo/Resources/Resource,Resource,S5C,,
FinlandElementarySchool_XHSTT-v2014,MinMaxADay_Classes_5_tu,AppliesTo/Resources/Resource,Resource,S6A,,
FinlandElementarySchool_XHSTT-v2014,MinMaxADay_Classes_5_tu,AppliesTo/Resources/Resource,Resource,S6B,,
FinlandElementarySchool_XHSTT-v2014,MinMaxADay_Classes_5_tu,AppliesTo/Resources/Resource,Resource,S6C,,
FinlandElementarySchool_XHSTT-v2014,MinMaxADay_Classes_5_we,AppliesTo/Resources/Resource,Resource,S5,,
FinlandElementarySchool_XHSTT-v2014,MinMaxADay_Classes_5_we,AppliesTo/Resources/Resource,Resource,S5A,,
FinlandElementarySchool_XHSTT-v2014,MinMaxADay_Classes_5_we,AppliesTo/Resources/Resource,Resource,S5B,,
FinlandElementarySchool_XHSTT-v2014,MinMaxADay_Classes_5_we,AppliesTo/Resources/Resource,Resource,S5C,,
FinlandElementarySchool_XHSTT-v2014,MinMaxADay_Classes_5_we,AppliesTo/Resources/Resource,Resource,S6A,,
FinlandElementarySchool_XHSTT-v2014,MinMaxADay_Classes_5_we,AppliesTo/Resources/Resource,Resource,S6B,,
FinlandElementarySchool_XHSTT-v2014,MinMaxADay_Classes_5_we,AppliesTo/Resources/Resource,Resource,S6C,,
FinlandElementarySchool_XHSTT-v2014,MinMaxADay_Classes_5_th,AppliesTo/Resources/Resource,Resource,S5,,
FinlandElementarySchool_XHSTT-v2014,MinMaxADay_Classes_5_th,AppliesTo/Resources/Resource,Resource,S5A,,
FinlandElementarySchool_XHSTT-v2014,MinMaxADay_Classes_5_th,AppliesTo/Resources/Resource,Resource,S5B,,
FinlandElementarySchool_XHSTT-v2014,MinMaxADay_Classes_5_th,AppliesTo/Resources/Resource,Resource,S5C,,
FinlandElementarySchool_XHSTT-v2014,MinMaxADay_Classes_5_th,AppliesTo/Resources/Resource,Resource,S6A,,
FinlandElementarySchool_XHSTT-v2014,MinMaxADay_Classes_5_th,AppliesTo/Resources/Resource,Resource,S6B,,
FinlandElementarySchool_XHSTT-v2014,MinMaxADay_Classes_5_th,AppliesTo/Resources/Resource,Resource,S6C,,
FinlandElementarySchool_XHSTT-v2014,MinMaxADay_Classes_5_fr,AppliesTo/Resources/Resource,Resource,S5,,
FinlandElementarySchool_XHSTT-v2014,MinMaxADay_Classes_5_fr,AppliesTo/Resources/Resource,Resource,S5A,,
FinlandElementarySchool_XHSTT-v2014,MinMaxADay_Classes_5_fr,AppliesTo/Resources/Resource,Resource,S5B,,
FinlandElementarySchool_XHSTT-v2014,MinMaxADay_Classes_5_fr,AppliesTo/Resources/Resource,Resource,S5C,,
FinlandElementarySchool_XHSTT-v2014,MinMaxADay_Classes_5_fr,AppliesTo/Resources/Resource,Resource,S6A,,
FinlandElementarySchool_XHSTT-v2014,MinMaxADay_Classes_5_fr,AppliesTo/Resources/Resource,Resource,S6B,,
FinlandElementarySchool_XHSTT-v2014,MinMaxADay_Classes_5_fr,AppliesTo/Resources/Resource,Resource,S6C,,
FinlandElementarySchool_XHSTT-v2014,MinMaxADay_Teachers_mo,AppliesTo/ResourceGroups/ResourceGroup,ResourceGroup,gr_Teachers,,
FinlandElementarySchool_XHSTT-v2014,MinMaxADay_Teachers_tu,AppliesTo/ResourceGroups/ResourceGroup,ResourceGroup,gr_Teachers,,
FinlandElementarySchool_XHSTT-v2014,MinMaxADay_Teachers_we,AppliesTo/ResourceGroups/ResourceGroup,ResourceGroup,gr_Teachers,,
FinlandElementarySchool_XHSTT-v2014,MinMaxADay_Teachers_th,AppliesTo/ResourceGroups/ResourceGroup,ResourceGroup,gr_Teachers,,
FinlandElementarySchool_XHSTT-v2014,MinMaxADay_Teachers_fr,AppliesTo/ResourceGroups/ResourceGroup,ResourceGroup,gr_Teachers,,
